BIRD,""
BRAN,BRANT
RNGR,RED-NECKED GREBE
STSH,SHORT-TAILED SHEARWATER
YBLO,YELLOW-BILLED LOON
RTLO,RED-THROATED LOON
TUSW,TUNDRA SWAN
TUPU,TUFTED PUFFIN
HOPU,HORNED PUFFIN
RHAU,RHINOCEROS AUKLET
CAAU,CASSIN'S AUKLET
PAAU,PARAKEET AUKLET
CRAU,CRESTED AUKLET
WHAU,WHISKERED AUKLET
LEAU,LEAST AUKLET
ANMU,ANCIENT MURRELET
MAMU,MARBLED MURRELET
KIMU,KITTLITZ'S MURRELET
PIGU,PIGEON GUILLEMOT
COMU,COMMON MURRE
TBMU,THICK-BILLED MURRE
POJA,POMARINE JAEGER
BLKI,BLACK-LEGGED KITTIWAKE
RLKI,RED-LEGGED KITTIWAKE
GLGU,GLAUCOUS GULL
GWGU,GLAUCOUS-WINGED GULL
MEGU,MEW GULL
SAGU,SABINE'S GULL
ARTE,ARCTIC TERN
ALTE,ALEUTIAN TERN
BFAL,BLACK-FOOTED ALBATROSS
NOFU,NORTHERN FULMAR
SOSH,SOOTY SHEARWATER
FTSP,FORK-TAILED STORM-PETREL
PECO,PELAGIC CORMORANT
RFCO,RED-FACED CORMORANT
BAGO,BARROW'S GOLDENEYE
LTDU,LONG-TAILED DUCK
STEI,STELLER'S EIDER
SPEI,SPECTACLED EIDER
KIEI,KING EIDER
BLSC,BLACK SCOTER
WWSC,WHITE-WINGED SCOTER
SUSC,SURF SCOTER
GWFG,GREATER WHITE-FRONTED GOOSE
BLBR,BLACK BRANT
EMGO,EMPEROR GOOSE
TRUS,TRUMPETER SWAN
SACR,SANDHILL CRANE
REPH,RED PHALAROPE
LBDO,LONG-BILLED DOWITCHER
SNGO,SNOW GOOSE
LESP,LEACH'S STORM-PETREL
HADU,HARLEQUIN DUCK
ROSA,ROCK SANDPIPER
DUNL,DUNLIN
WESA,WESTERN SANDPIPER
HUGO,HUDSONIAN GODWIT
BTCU,BRISTLE-THIGHED CURLEW
BBPL,BLACK-BELLIED PLOVER
AMGP,AMERICAN GOLDEN-PLOVER
SURF,SURFBIRD
BLTU,BLACK TURNSTONE
BLOY,BLACK OYSTERCATCHER
